id,duration_sec,peak_amplitude,repetition_count,hour_of_day,is_false_alarm
1,237.31,0.4918,4,7,0
2,178.52,0.7809,8,20,0
3,91.21,0.8485,1,0,0
4,216.42,0.4583,10,10,0
5,70.03,0.2019,40,19,1
6,223.6,0.6357,7,22,0
7,177.5,0.8531,2,6,0
8,57.69,0.773,6,15,0
9,75.77,0.1405,24,4,1
10,217.71,0.6118,10,2,0
11,103.23,0.5027,8,8,0
12,252.33,0.6957,5,21,0
13,220.52,0.4828,10,16,0
14,204.55,0.822,9,11,0
15,99.65,0.478,1,6,0
16,207.24,0.5393,0,3,0
17,267.04,0.6793,3,6,0
18,64.18,0.4462,35,3,1
19,111.54,0.7406,6,4,0
20,88.67,0.6343,6,16,0
21,128.31,0.9477,6,3,0
22,215.58,0.896,0,1,0
23,148.56,0.9214,11,13,0
24,172.68,0.7592,11,6,0
25,108.54,0.7628,7,10,0
26,65.32,0.746,0,3,0
27,96.73,0.6327,4,5,0
28,65.93,0.131,7,10,1
29,180.6,0.7348,8,16,0
30,124.5,0.3666,2,9,0
31,227.48,0.3548,9,13,0
32,46.11,0.9036,11,12,0
33,93.47,0.3802,6,6,0
34,87.53,0.6911,4,6,0
35,276.34,0.7497,6,10,0
36,206.52,0.4788,0,0,0
37,39.22,0.4983,25,16,1
38,31.25,0.4736,0,14,0
39,76.08,0.9249,0,7,0
40,188.89,0.8459,6,8,0
41,124.93,0.5065,6,7,0
42,261.07,0.448,11,15,0
43,221.18,0.5556,6,18,0
44,141.85,0.6087,11,2,0
45,217.38,0.5098,9,9,0
46,273.85,0.9993,4,0,0
47,145.25,0.4993,11,10,0
48,190.63,0.8899,5,5,0
49,259.67,0.4534,7,8,0
50,62.6,0.4027,31,10,1
51,251.64,0.4966,2,7,0
52,67.87,0.0616,29,9,1
53,192.11,0.7131,3,18,0
54,225.71,0.4282,7,19,0
55,183.65,0.8809,0,0,0
56,153.88,0.5285,3,9,0
57,184.34,0.707,7,20,0
58,67.92,0.7073,7,12,0
59,64.16,0.418,43,4,1
60,79.49,0.5359,25,14,1
61,179.44,0.4596,9,3,0
62,140.48,0.4548,0,0,0
63,91.12,0.5463,7,15,0
64,250.7,0.4442,2,12,0
65,123.48,0.9492,3,18,0
66,141.51,0.6834,2,8,0
67,132.43,0.7553,5,20,0
68,75.49,0.5824,1,10,0
69,12.18,0.1603,18,17,1
70,142.11,0.6771,1,2,0
71,34.06,0.5413,6,2,0
72,271.0,0.5734,7,18,0
73,233.94,0.6443,2,20,0
74,210.89,0.6787,1,22,0
75,88.64,0.1346,16,7,1
76,256.7,0.4952,8,0,0
77,114.37,0.6672,3,23,0
78,182.74,0.4472,10,14,0
79,182.2,0.5775,2,5,0
80,96.82,0.8163,11,18,0
81,85.49,0.4634,1,21,0
82,58.48,0.7279,7,6,0
83,194.83,0.6209,0,18,0
84,225.23,0.3835,2,18,0
85,12.21,0.3779,27,12,1
86,73.86,0.4546,41,15,1
87,81.31,0.8596,5,6,0
88,143.4,0.6206,2,22,0
89,166.7,0.9593,1,23,0
90,259.77,0.5388,11,23,0
91,248.71,0.6179,11,17,0
92,259.01,0.8433,11,1,0
93,242.57,0.5734,1,8,0
94,271.15,0.5868,4,10,0
95,146.37,0.9966,3,23,0
96,41.87,0.7111,3,13,0
97,50.89,0.7981,4,12,0
98,48.08,0.5352,26,3,1
99,41.24,0.1198,28,19,1
100,72.49,0.9102,3,8,0
101,268.3,0.7161,11,2,0
102,78.85,0.5415,11,23,0
103,269.84,0.3648,3,4,0
104,220.21,0.7494,2,0,0
105,190.24,0.8866,6,1,0
106,199.0,0.6429,4,10,0
107,112.87,0.4571,11,2,0
108,191.61,0.5373,5,20,0
109,54.48,0.4803,42,12,1
110,264.43,0.8938,1,7,0
111,105.45,0.4616,0,0,0
112,93.8,0.7479,4,11,0
113,207.79,0.8397,3,3,0
114,194.11,0.9584,10,23,0
115,142.82,0.4259,10,6,0
116,188.11,0.9522,1,11,0
117,69.87,0.741,11,0,0
118,198.33,0.8484,7,3,0
119,97.65,0.385,3,4,0
120,98.21,0.679,4,1,0
121,70.54,0.7547,5,17,0
122,113.09,0.5494,2,22,0
123,64.23,0.0952,6,23,1
124,143.54,0.7103,0,6,0
125,85.04,0.1318,13,18,1
126,78.25,0.3772,3,12,0
127,165.43,0.6357,1,1,0
128,63.17,0.5251,36,2,1
129,55.18,0.1119,9,13,1
130,265.99,0.9848,4,10,0
131,136.7,0.5448,1,0,0
132,255.28,0.4639,9,22,0
133,54.58,0.4927,10,17,0
134,40.74,0.6605,8,12,0
135,210.34,0.9184,6,23,0
136,38.33,0.1552,43,23,1
137,240.76,0.386,4,23,0
138,44.2,0.3759,5,6,0
139,224.23,0.4978,0,21,0
140,29.79,0.0731,30,12,1
141,105.83,0.754,1,17,0
142,73.26,0.7159,7,20,0
143,279.0,0.5573,9,3,0
144,45.92,0.9541,2,10,0
145,236.75,0.5653,7,3,0
146,189.87,0.8927,3,6,0
147,213.77,0.9323,4,9,0
148,207.93,0.6642,6,20,0
149,244.61,0.9313,2,20,0
150,9.25,0.388,27,9,1
151,30.21,0.778,4,7,0
152,179.63,0.4072,5,12,0
153,52.1,0.072,28,21,1
154,60.95,0.4913,2,23,0
155,56.53,0.2257,15,5,1
156,112.94,0.3524,11,4,0
157,47.56,0.5611,4,16,0
158,44.23,0.7332,1,7,0
159,259.01,0.6459,3,4,0
160,108.03,0.5462,11,0,0
161,35.84,0.1232,24,9,1
162,271.09,0.9607,9,9,0
163,65.64,0.4317,3,13,0
164,20.79,0.3196,40,4,1
165,180.2,0.7718,4,17,0
166,202.66,0.8268,9,16,0
167,54.05,0.5881,10,11,0
168,77.14,0.8351,2,4,0
169,49.16,0.4307,11,12,0
170,181.03,0.5657,7,16,0
171,276.65,0.8157,8,8,0
172,198.0,0.7567,9,6,0
173,207.69,0.8942,2,12,0
174,276.15,0.3805,8,8,0
175,199.5,0.4634,2,9,0
176,80.51,0.3934,11,8,1
177,246.75,0.4749,1,7,0
178,121.17,0.3528,2,17,0
179,31.09,0.6777,11,11,0
180,156.81,0.6934,3,11,0
181,264.25,0.7776,4,15,0
182,94.33,0.6002,5,8,0
183,152.88,0.3521,8,2,0
184,73.44,0.788,6,20,0
185,44.42,0.3853,6,1,0
186,50.14,0.913,10,13,0
187,211.75,0.3647,5,6,0
188,37.78,0.2241,20,5,1
189,65.82,0.9317,10,1,0
190,102.08,0.7221,8,21,0
191,78.76,0.7455,0,10,0
192,36.71,0.793,3,8,0
193,11.14,0.2024,29,17,1
194,204.98,0.7887,5,0,0
195,191.97,0.9222,3,13,0
196,127.01,0.9832,4,11,0
197,168.75,0.638,0,13,0
198,53.52,0.5739,2,2,0
199,68.58,0.8397,9,22,0
200,262.95,0.7029,0,5,0
201,220.38,0.5172,10,16,0
202,260.68,0.4619,4,17,0
203,259.17,0.4606,9,8,0
204,53.79,0.2944,21,3,1
205,27.72,0.4008,40,7,1
206,134.18,0.3628,6,19,0
207,36.4,0.3058,21,21,1
208,45.64,0.9544,0,22,0
209,57.73,0.1791,12,5,1
210,53.84,0.3976,3,14,0
211,117.93,0.6433,4,3,0
212,205.32,0.5093,0,17,0
213,227.66,0.9758,11,9,0
214,177.55,0.9421,7,17,0
215,66.61,0.6131,11,16,0
216,216.98,0.6417,6,23,0
217,76.82,0.3968,16,11,1
218,52.08,0.05,17,8,1
219,100.15,0.5404,5,12,0
220,112.65,0.4297,1,3,0
221,98.56,0.4165,11,2,0
222,232.97,0.7146,11,12,0
223,219.98,0.4142,6,19,0
224,203.89,0.4169,7,12,0
225,64.75,0.6623,8,18,0
226,231.96,0.6375,8,4,0
227,63.13,0.419,16,10,1
228,78.71,0.3529,6,14,0
229,192.02,0.4754,9,8,0
230,59.34,0.2306,30,0,1
231,21.55,0.3138,44,1,1
232,58.03,0.945,10,22,0
233,159.58,0.6139,7,14,0
234,54.98,0.6133,4,6,0
235,71.06,0.8131,5,6,0
236,63.14,0.7575,8,0,0
237,268.53,0.4697,10,22,0
238,101.22,0.42,2,2,0
239,60.49,0.2297,28,18,1
240,34.19,0.2505,18,5,1
241,254.56,0.4402,9,8,0
242,170.74,0.5406,4,6,0
243,259.79,0.5489,7,19,0
244,104.98,0.5198,0,0,0
245,58.71,0.6495,3,8,0
246,169.05,0.7745,11,6,0
247,116.38,0.6811,6,6,0
248,230.48,0.4809,10,4,0
249,249.86,0.4169,2,21,0
250,148.14,0.8842,3,9,0
251,272.84,0.6615,11,10,0
252,168.25,0.3904,11,9,0
253,97.73,0.5178,10,23,0
254,152.24,0.8726,3,8,0
255,39.33,0.8386,9,8,0
256,231.0,0.9193,5,7,0
257,55.36,0.7414,10,7,0
258,23.21,0.2554,8,2,1
259,68.59,0.2379,30,14,1
260,40.74,0.4761,3,0,0
261,33.64,0.4684,6,5,1
262,204.03,0.7303,5,4,0
263,47.94,0.4507,5,6,0
264,84.63,0.1717,12,18,1
265,114.67,0.5895,11,14,0
266,87.02,0.3823,1,23,0
267,77.19,0.5631,11,8,0
268,220.85,0.9154,5,22,0
269,66.08,0.4452,13,1,1
270,32.09,0.1616,39,12,1
271,44.39,0.3983,12,19,1
272,178.69,0.9189,8,12,0
273,87.76,0.3518,34,22,1
274,207.48,0.9088,1,7,0
275,206.03,0.5982,5,0,0
276,234.95,0.8417,2,18,0
277,150.87,0.7253,3,1,0
278,163.34,0.8178,8,18,0
279,110.96,0.4656,9,17,0
280,56.31,0.8254,1,20,0
281,43.05,0.3857,21,11,1
282,38.4,0.5467,5,21,0
283,98.91,0.991,4,4,0
284,53.56,0.5959,8,10,0
285,77.68,0.4798,2,2,0
286,189.68,0.423,9,18,0
287,36.7,0.4952,7,17,1
288,135.26,0.7106,1,19,0
289,52.54,0.5496,9,18,0
290,23.23,0.1129,20,7,1
291,118.19,0.5659,6,1,0
292,85.47,0.4271,7,22,1
293,174.76,0.9107,1,11,0
294,1.77,0.2238,21,2,1
295,151.75,0.8456,4,22,0
296,271.57,0.7293,9,23,0
297,219.07,0.9944,4,10,0
298,154.24,0.5069,8,18,0
299,149.81,0.5205,3,0,0
300,36.62,0.4102,7,2,0
301,265.63,0.7101,2,6,0
302,35.99,0.3365,6,15,1
303,93.98,0.8219,0,3,0
304,279.85,0.568,8,0,0
305,209.67,0.358,0,16,0
306,41.84,0.7609,11,18,0
307,45.47,0.9992,10,17,0
308,36.38,0.5415,6,19,0
309,179.9,0.4696,10,19,0
310,87.36,0.1161,33,14,1
311,263.35,0.6265,1,12,0
312,264.23,0.5131,8,20,0
313,166.51,0.5755,4,8,0
314,184.16,0.7648,10,2,0
315,102.97,0.5743,10,18,0
316,45.99,0.6074,11,6,0
317,214.37,0.376,5,23,0
318,55.45,0.9467,2,9,0
319,51.39,0.6145,1,20,0
320,107.81,0.5633,1,1,0
321,33.12,0.4062,11,15,0
322,138.51,0.7622,7,10,0
323,206.92,0.9115,4,11,0
324,230.34,0.3767,5,6,0
325,181.08,0.4444,2,23,0
326,241.72,0.4452,6,9,0
327,131.63,0.7415,5,20,0
328,242.19,0.9488,9,10,0
329,156.62,0.6345,0,1,0
330,85.76,0.5735,11,21,0
331,266.04,0.8478,0,4,0
332,98.74,0.8327,5,6,0
333,36.55,0.5104,4,20,0
334,90.67,0.4545,8,21,0
335,19.93,0.1444,37,22,1
336,117.84,0.8541,2,10,0
337,74.7,0.3521,30,18,1
338,250.78,0.7828,6,7,0
339,36.62,0.2051,18,17,1
340,160.19,0.5301,0,12,0
341,15.57,0.436,11,1,1
342,235.44,0.3775,6,10,0
343,69.4,0.9147,3,11,0
344,55.88,0.7286,6,6,0
345,155.75,0.5438,1,8,0
346,197.97,0.3951,8,12,0
347,228.88,0.8202,2,1,0
348,177.41,0.8367,7,3,0
349,223.46,0.783,10,18,0
350,5.52,0.4642,43,8,1
351,38.22,0.9436,1,14,0
352,59.02,0.8396,0,13,0
353,39.68,0.7775,4,13,0
354,112.24,0.7731,1,9,0
355,153.87,0.9378,10,11,0
356,119.08,0.9534,11,19,0
357,170.15,0.7372,11,23,0
358,150.15,0.6208,11,6,0
359,199.49,0.5864,7,16,0
360,196.74,0.8824,3,23,0
361,109.52,0.769,5,0,0
362,81.19,0.3204,17,18,1
363,44.13,0.1466,9,11,1
364,34.19,0.3898,37,23,1
365,108.67,0.9249,4,13,0
366,112.58,0.9687,8,20,0
367,203.51,0.6281,4,3,0
368,191.85,0.8596,4,3,0
369,63.76,0.8883,2,22,0
370,140.26,0.5552,0,12,0
371,253.18,0.4445,0,13,0
372,39.08,0.9981,4,4,0
373,243.79,0.3696,11,5,0
374,70.79,0.7383,3,19,0
375,156.81,0.7726,7,7,0
376,52.3,0.4379,11,14,1
377,32.53,0.5162,3,7,0
378,258.85,0.819,1,6,0
379,143.73,0.4907,6,3,0
380,268.57,0.8889,7,22,0
381,101.69,0.4924,4,22,0
382,246.57,0.8029,6,2,0
383,260.6,0.8592,5,8,0
384,169.21,0.4728,3,13,0
385,80.67,0.5047,8,9,0
386,201.31,0.8564,6,17,0
387,167.24,0.4059,0,6,0
388,266.13,0.474,5,1,0
389,39.21,0.1216,21,8,1
390,97.13,0.9546,9,14,0
391,64.57,0.7152,3,4,0
392,39.71,0.5168,10,19,1
393,273.53,0.9859,7,0,0
394,37.09,0.6514,1,1,0
395,6.42,0.3733,32,12,1
396,261.73,0.6176,10,12,0
397,48.7,0.5529,3,7,0
398,57.54,0.5617,8,6,0
399,202.99,0.7971,9,1,0
400,191.99,0.3765,8,15,0
401,47.21,0.7932,1,9,0
402,238.61,0.4808,4,2,0
403,160.86,0.5997,4,9,0
404,75.25,0.3424,35,22,1
405,249.5,0.7093,10,6,0
406,233.13,0.8241,0,21,0
407,158.97,0.5805,6,6,0
408,92.93,0.4562,11,4,0
409,79.33,0.3736,15,6,1
410,55.2,0.8818,7,7,0
411,194.71,0.524,11,2,0
412,63.49,0.8536,4,14,0
413,57.69,0.115,6,8,1
414,43.6,0.4727,6,17,0
415,8.9,0.2048,5,11,1
416,88.02,0.6546,0,10,0
417,84.94,0.2857,24,11,1
418,226.7,0.974,2,3,0
419,44.33,0.446,4,17,0
420,242.57,0.5797,7,2,0
421,245.19,0.6001,6,17,0
422,76.01,0.1439,36,23,1
423,59.37,0.2619,23,18,1
424,87.04,0.182,7,10,1
425,68.55,0.9561,11,7,0
426,162.17,0.7699,7,20,0
427,51.59,0.9679,11,6,0
428,249.62,0.8813,7,11,0
429,86.8,0.2629,21,18,1
430,235.4,0.7407,9,22,0
431,170.63,0.5823,10,22,0
432,169.4,0.6379,0,2,0
433,276.15,0.7777,10,21,0
434,91.98,0.6275,8,2,0
435,68.91,0.1989,24,14,1
436,170.49,0.4097,8,22,0
437,38.42,0.1654,17,15,1
438,110.58,0.4827,3,22,0
439,31.77,0.9636,2,8,0
440,179.06,0.4511,2,7,0
441,96.01,0.434,3,7,0
442,76.96,0.8777,2,8,0
443,40.11,0.8822,5,16,0
444,121.09,0.8302,2,10,0
445,249.74,0.9743,1,17,0
446,114.17,0.5259,6,9,0
447,199.77,0.8873,9,7,0
448,219.14,0.5788,1,4,0
449,10.83,0.0735,29,13,1
450,235.41,0.6396,7,21,0
451,84.83,0.2879,25,20,1
452,169.81,0.7234,1,6,0
453,30.25,0.8359,8,11,0
454,38.77,0.4635,0,16,0
455,18.61,0.236,33,14,1
456,225.57,0.6948,3,1,0
457,264.39,0.4659,10,14,0
458,255.58,0.7699,2,0,0
459,35.11,0.4747,9,2,0
460,227.96,0.3913,11,15,0
461,142.79,0.7955,11,2,0
462,59.34,0.3809,25,8,1
463,31.68,0.419,1,14,0
464,102.05,0.831,2,15,0
465,217.83,0.3859,9,10,0
466,228.26,0.8763,2,2,0
467,184.93,0.8675,7,19,0
468,105.31,0.4419,4,22,0
469,47.5,0.284,17,21,1
470,271.69,0.4128,7,17,0
471,139.8,0.7612,7,9,0
472,141.78,0.3909,9,21,0
473,38.07,0.4337,19,11,1
474,3.27,0.4675,32,3,1
475,168.17,0.7939,6,20,0
476,138.08,0.4334,7,7,0
477,236.68,0.4862,9,22,0
478,257.26,0.6431,5,8,0
479,263.03,0.7225,4,20,0
480,171.07,0.9993,10,12,0
481,140.54,0.3669,11,11,0
482,206.31,0.3502,6,7,0
483,239.58,0.5777,1,20,0
484,170.75,0.588,3,1,0
485,69.85,0.1807,8,11,1
486,217.43,0.9432,8,8,0
487,199.1,0.9223,8,13,0
488,216.53,0.4431,9,6,0
489,82.16,0.6179,0,15,0
490,154.59,0.8348,5,9,0
491,177.07,0.5532,8,4,0
492,30.62,0.7811,11,4,0
493,243.99,0.5041,1,16,0
494,182.51,0.5602,10,6,0
495,62.28,0.9093,0,7,0
496,234.09,0.5128,2,15,0
497,209.26,0.9768,10,7,0
498,219.57,0.5491,9,9,0
499,128.01,0.3653,11,5,0
500,243.55,0.5157,7,8,0
501,133.51,0.4613,7,16,0
502,172.63,0.6794,6,12,0
503,30.16,0.4233,6,23,0
504,191.22,0.7569,6,18,0
505,209.54,0.9187,3,0,0
506,171.78,0.5856,10,9,0
507,154.14,0.4595,4,6,0
508,232.48,0.61,7,14,0
509,200.34,0.8609,8,6,0
510,77.56,0.4411,7,23,1
511,26.64,0.3247,21,7,1
512,206.82,0.6992,0,12,0
513,45.56,0.1314,35,2,1
514,272.82,0.5626,5,21,0
515,259.73,0.4216,4,21,0
516,218.84,0.9877,10,19,0
517,182.36,0.4644,10,8,0
518,73.04,0.4753,8,1,0
519,49.99,0.3473,32,17,1
520,221.34,0.7206,0,10,0
521,160.21,0.6384,9,23,0
522,247.06,0.5122,10,16,0
523,57.41,0.6291,5,12,0
524,125.24,0.7878,9,23,0
525,13.12,0.4981,30,19,1
526,138.08,0.9449,6,11,0
527,57.15,0.5491,2,0,0
528,68.38,0.4788,0,2,0
529,239.4,0.9705,9,10,0
530,151.1,0.8769,6,13,0
531,42.18,0.573,1,0,0
532,34.12,0.8969,0,3,0
533,148.37,0.6872,11,16,0
534,71.09,0.5754,3,18,0
535,66.79,0.1285,33,0,1
536,228.83,0.8389,7,12,0
537,87.07,0.5436,4,1,0
538,178.04,0.7443,10,17,0
539,68.61,0.5901,8,20,0
540,105.9,0.3507,4,20,0
541,252.2,0.9752,3,14,0
542,166.02,0.7073,10,15,0
543,251.47,0.739,7,22,0
544,86.31,0.7399,11,14,0
545,31.43,0.1716,41,10,1
546,147.74,0.5385,0,18,0
547,150.02,0.9815,10,14,0
548,50.05,0.247,10,20,1
549,58.61,0.7861,10,12,0
550,242.99,0.6456,8,20,0
551,245.92,0.5371,2,1,0
552,168.3,0.3918,9,0,0
553,116.01,0.5776,0,2,0
554,159.81,0.4645,4,13,0
555,71.47,0.4346,32,17,1
556,229.78,0.9214,7,5,0
557,154.57,0.5468,6,3,0
558,261.46,0.5664,7,20,0
559,185.67,0.7857,5,18,0
560,158.58,0.447,8,15,0
561,28.12,0.2181,37,11,1
562,155.98,0.5865,8,10,0
563,256.13,0.4158,0,0,0
564,76.11,0.4635,1,4,0
565,273.34,0.9563,8,21,0
566,233.05,0.5106,1,8,0
567,245.18,0.7805,9,16,0
568,41.52,0.4657,16,16,1
569,239.3,0.4762,1,7,0
570,106.69,0.9215,11,4,0
571,220.49,0.4462,2,16,0
572,65.11,0.3622,10,2,0
573,106.76,0.6758,4,11,0
574,141.43,0.9108,9,21,0
575,110.58,0.5619,11,17,0
576,126.75,0.4333,1,18,0
577,235.03,0.9885,3,1,0
578,94.17,0.7899,6,4,0
579,216.32,0.9029,10,6,0
580,48.43,0.8389,2,7,0
581,221.43,0.8039,2,4,0
582,228.01,0.6,4,23,0
583,48.56,0.3046,8,3,1
584,210.62,0.816,3,16,0
585,258.78,0.8159,1,14,0
586,230.18,0.9679,9,14,0
587,127.61,0.7196,9,5,0
588,151.05,0.5415,1,7,0
589,224.84,0.6682,6,14,0
590,57.73,0.3368,31,7,1
591,230.97,0.6274,7,16,0
592,112.02,0.8642,11,0,0
593,231.5,0.73,7,1,0
594,51.7,0.3561,8,17,0
595,7.85,0.4511,42,14,1
596,279.42,0.7618,0,1,0
597,247.36,0.9449,7,21,0
598,250.71,0.6189,10,0,0
599,267.82,0.7234,4,22,0
600,139.58,0.6587,7,17,0
601,101.71,0.6956,2,23,0
602,62.51,0.3937,5,22,0
603,155.3,0.9332,9,7,0
604,85.01,0.9418,7,18,0
605,263.89,0.7062,1,5,0
606,31.0,0.7118,10,11,0
607,65.8,0.3874,11,5,0
608,67.32,0.517,22,11,1
609,79.74,0.6289,4,20,0
610,86.44,0.8109,6,10,0
611,194.01,0.3806,9,2,0
612,111.88,0.8121,5,7,0
613,183.76,0.5365,0,18,0
614,252.56,0.7736,0,12,0
615,180.64,0.7576,9,13,0
616,203.63,0.4974,9,10,0
617,121.38,0.6363,9,7,0
618,69.93,0.8932,1,14,0
619,16.85,0.5298,30,15,1
620,65.67,0.4388,19,21,1
621,185.45,0.6379,2,14,0
622,99.38,0.5527,4,23,0
623,142.73,0.7671,6,19,0
624,238.88,0.7495,3,1,0
625,197.11,0.3568,1,9,0
626,170.16,0.745,4,9,0
627,251.29,0.8277,8,0,0
628,81.6,0.0819,24,4,1
629,190.68,0.3883,3,18,0
630,77.44,0.5474,3,8,0
631,56.6,0.6238,7,3,0
632,271.29,0.4669,2,6,0
633,1.46,0.545,11,6,1
634,133.92,0.3962,10,4,0
635,10.6,0.3681,35,2,1
636,43.61,0.0861,26,18,1
637,235.53,0.5207,0,19,0
638,84.16,0.8124,5,11,0
639,231.14,0.3813,8,14,0
640,163.59,0.7158,3,22,0
641,99.14,0.6044,2,20,0
642,37.55,0.868,0,0,0
643,6.11,0.4431,20,22,1
644,74.12,0.5941,0,1,0
645,42.95,0.7548,5,0,0
646,218.97,0.4979,4,9,0
647,61.95,0.299,35,17,1
648,127.33,0.4028,11,1,0
649,91.77,0.6325,9,7,0
650,58.39,0.1657,20,6,1
651,104.33,0.9242,6,9,0
652,82.55,0.6392,4,23,0
653,107.31,0.734,1,7,0
654,80.79,0.5842,11,5,0
655,109.41,0.5377,4,2,0
656,50.73,0.4819,5,4,0
657,69.63,0.9427,1,3,0
658,134.26,0.8697,3,13,0
659,249.87,0.4366,7,10,0
660,44.32,0.8354,5,11,0
661,83.17,0.622,7,19,0
662,257.09,0.36,2,13,0
663,252.5,0.6934,0,3,0
664,83.21,0.439,30,9,1
665,90.12,0.4865,5,7,0
666,134.95,0.8024,4,19,0
667,82.81,0.5171,3,7,0
668,62.15,0.9297,7,3,0
669,125.0,0.7772,6,17,0
670,173.96,0.891,4,10,0
671,6.96,0.148,15,2,1
672,182.71,0.9148,10,16,0
673,104.06,0.5851,2,5,0
674,116.46,0.7069,7,20,0
675,227.67,0.6853,11,19,0
676,249.58,0.9375,5,8,0
677,110.51,0.4572,0,13,0
678,172.88,0.7257,1,13,0
679,70.08,0.0985,9,15,1
680,43.33,0.5905,10,1,0
681,13.08,0.2994,39,7,1
682,72.75,0.5925,6,4,0
683,70.14,0.4571,39,16,1
684,151.76,0.7296,3,1,0
685,76.12,0.6234,7,12,0
686,53.64,0.3599,10,17,0
687,117.0,0.3954,2,22,0
688,268.07,0.4769,0,6,0
689,183.78,0.8501,4,0,0
690,125.35,0.9298,3,17,0
691,39.73,0.7047,8,0,0
692,180.07,0.4186,6,1,0
693,53.06,0.6974,0,23,0
694,165.64,0.9061,4,20,0
695,217.99,0.8372,8,16,0
696,135.9,0.5392,5,20,0
697,104.85,0.4305,6,1,0
698,41.85,0.9354,3,2,0
699,36.19,0.9052,3,7,0
700,137.51,0.3849,1,0,0
701,250.84,0.8854,0,21,0
702,91.02,0.4132,0,1,0
703,173.51,0.3911,7,13,0
704,201.08,0.8431,1,20,0
705,45.21,0.6986,6,17,0
706,68.28,0.6195,11,5,0
707,112.82,0.9375,8,11,0
708,197.52,0.8955,6,13,0
709,139.76,0.3875,1,18,0
710,213.55,0.7505,5,10,0
711,246.9,0.852,10,6,0
712,219.59,0.7078,4,19,0
713,278.06,0.989,9,21,0
714,218.59,0.7959,8,11,0
715,243.04,0.4177,3,0,0
716,238.09,0.4789,1,12,0
717,212.57,0.8871,0,21,0
718,5.99,0.4333,41,23,1
719,263.67,0.4139,3,9,0
720,148.8,0.4152,7,3,0
721,189.57,0.8462,6,13,0
722,158.73,0.3918,5,19,0
723,65.79,0.0674,17,22,1
724,137.84,0.9277,9,1,0
725,46.1,0.5433,5,6,1
726,83.36,0.5493,11,11,1
727,270.47,0.7728,4,2,0
728,32.97,0.3559,29,21,1
729,207.4,0.9391,5,2,0
730,219.23,0.5442,2,15,0
731,264.07,0.5291,1,22,0
732,48.26,0.0676,40,16,1
733,34.68,0.4047,19,18,1
734,174.79,0.9322,2,6,0
735,68.92,0.179,36,19,1
736,273.74,0.969,9,10,0
737,93.75,0.7483,5,1,0
738,211.18,0.7842,10,8,0
739,228.95,0.9441,10,8,0
740,140.3,0.5975,11,12,0
741,1.76,0.5205,15,6,1
742,59.74,0.4448,40,11,1
743,244.12,0.862,0,10,0
744,65.48,0.4593,12,7,1
745,52.53,0.792,10,16,0
746,209.25,0.394,6,7,0
747,92.54,0.469,0,18,0
748,249.1,0.9701,9,6,0
749,107.39,0.9796,3,20,0
750,80.07,0.9788,6,8,0
751,51.21,0.3739,7,0,0
752,157.88,0.5986,1,3,0
753,142.68,0.8438,0,19,0
754,217.83,0.8394,0,20,0
755,146.15,0.4058,11,5,0
756,115.95,0.7462,11,14,0
757,95.41,0.4429,5,13,0
758,99.54,0.6706,5,3,0
759,35.94,0.5149,26,10,1
760,71.27,0.3846,4,16,0
761,277.04,0.402,6,23,0
762,111.73,0.9421,4,20,0
763,25.02,0.1573,5,2,1
764,60.23,0.4617,21,5,1
765,44.6,0.6555,7,10,0
766,38.51,0.1971,36,3,1
767,158.14,0.583,2,13,0
768,88.62,0.2648,17,0,1
769,51.29,0.4504,17,2,1
770,187.66,0.8351,1,1,0
771,264.97,0.8709,2,7,0
772,270.32,0.9193,9,18,0
773,200.17,0.5078,5,4,0
774,234.45,0.6926,6,23,0
775,61.14,0.1248,15,6,1
776,152.83,0.3744,1,1,0
777,206.11,0.8101,5,8,0
778,49.56,0.7068,0,17,0
779,219.51,0.8206,5,2,0
780,270.46,0.407,2,1,0
781,51.24,0.9971,10,20,0
782,239.03,0.9963,3,14,0
783,263.25,0.6522,2,8,0
784,86.55,0.9129,0,18,0
785,161.2,0.5083,1,20,0
786,261.96,0.8294,2,8,0
787,270.06,0.9215,2,13,0
788,61.97,0.8795,8,0,0
789,117.25,0.8777,10,7,0
790,204.54,0.651,10,14,0
791,85.39,0.883,11,4,0
792,111.19,0.799,10,23,0
793,35.82,0.4361,5,23,0
794,67.25,0.5344,13,6,1
795,50.79,0.1233,26,9,1
796,193.27,0.7566,3,4,0
797,43.49,0.1416,40,12,1
798,224.59,0.9397,11,2,0
799,133.82,0.7787,2,9,0
800,98.37,0.6075,9,13,0
801,33.9,0.6191,11,14,0
802,81.66,0.7434,6,14,0
803,108.1,0.8442,4,5,0
804,74.55,0.7168,3,19,0
805,70.59,0.325,18,16,1
806,49.94,0.3422,31,18,1
807,196.52,0.8084,8,11,0
808,187.4,0.8897,6,21,0
809,263.92,0.3907,2,9,0
810,229.54,0.8407,6,19,0
811,74.25,0.2444,40,4,1
812,89.31,0.3426,34,5,1
813,171.02,0.7914,0,12,0
814,45.4,0.8158,11,13,0
815,85.45,0.1007,43,17,1
816,127.56,0.866,6,7,0
817,136.95,0.5452,10,20,0
818,99.96,0.4812,7,7,0
819,201.46,0.578,6,12,0
820,240.24,0.6165,2,22,0
821,35.19,0.5286,37,12,1
822,186.94,0.8996,9,16,0
823,164.59,0.8186,3,21,0
824,37.77,0.4631,8,23,0
825,210.73,0.588,8,11,0
826,78.95,0.3745,41,10,1
827,97.69,0.7964,1,4,0
828,111.96,0.5113,7,12,0
829,263.9,0.6915,7,22,0
830,186.09,0.8647,7,11,0
831,148.98,0.7861,4,8,0
832,185.23,0.5439,10,2,0
833,133.44,0.5664,5,9,0
834,147.55,0.7747,2,5,0
835,102.58,0.7072,1,23,0
836,139.96,0.4127,10,12,0
837,201.4,0.9181,8,3,0
838,39.99,0.6832,5,1,0
839,228.76,0.6577,2,20,0
840,100.74,0.479,1,22,0
841,16.94,0.4377,41,18,1
842,190.68,0.5663,1,2,0
843,193.16,0.526,6,2,0
844,182.03,0.7188,2,4,0
845,70.31,0.1572,43,18,1
846,157.09,0.928,3,18,0
847,213.08,0.9619,8,20,0
848,206.36,0.4927,5,2,0
849,71.96,0.4496,44,3,1
850,100.83,0.8605,8,21,0
851,136.0,0.9967,5,22,0
852,99.42,0.9113,2,17,0
853,121.69,0.3654,8,2,0
854,127.74,0.5133,11,1,0
855,180.97,0.3782,6,1,0
856,84.97,0.8835,1,16,0
857,231.07,0.7279,3,20,0
858,139.38,0.6839,7,15,0
859,206.56,0.7104,11,6,0
860,50.36,0.5141,11,18,0
861,147.49,0.7411,11,1,0
862,37.05,0.3699,9,19,0
863,198.98,0.7699,6,21,0
864,115.93,0.8274,7,17,0
865,7.01,0.3229,9,21,1
866,111.03,0.5659,8,14,0
867,170.95,0.8871,7,11,0
868,94.35,0.8151,1,7,0
869,36.91,0.3975,43,22,1
870,146.76,0.4768,0,16,0
871,122.66,0.7641,5,4,0
872,78.85,0.1235,25,22,1
873,57.88,0.4276,11,1,0
874,59.97,0.4507,1,14,0
875,279.76,0.4577,5,4,0
876,133.08,0.6606,4,15,0
877,30.48,0.7448,1,9,0
878,268.23,0.4647,2,10,0
879,34.99,0.8131,5,16,0
880,134.65,0.5327,10,18,0
881,209.37,0.5525,4,9,0
882,258.65,0.4953,10,23,0
883,208.22,0.8604,8,11,0
884,145.91,0.9739,9,3,0
885,273.61,0.6701,10,0,0
886,39.83,0.3773,8,4,0
887,276.72,0.5194,8,16,0
888,54.27,0.475,14,12,1
889,262.23,0.8978,8,8,0
890,93.69,0.4052,0,11,0
891,65.61,0.9782,8,20,0
892,195.83,0.7325,7,13,0
893,158.96,0.6865,9,1,0
894,22.78,0.2819,31,1,1
895,261.15,0.3679,4,11,0
896,185.02,0.8551,4,9,0
897,107.77,0.4258,7,20,0
898,130.02,0.8965,5,13,0
899,63.37,0.694,4,18,0
900,78.08,0.3897,5,14,0
901,65.84,0.8916,6,8,0
902,232.57,0.3678,2,15,0
903,70.77,0.2515,22,14,1
904,162.59,0.8686,3,17,0
905,123.59,0.6522,3,4,0
906,197.12,0.9229,5,15,0
907,233.23,0.763,1,6,0
908,73.4,0.0618,33,18,1
909,166.75,0.54,8,19,0
910,234.97,0.4369,11,14,0
911,157.83,0.9748,3,22,0
912,148.63,0.4181,6,12,0
913,246.36,0.6939,6,0,0
914,126.59,0.5272,8,14,0
915,128.98,0.5217,7,18,0
916,106.23,0.7365,9,2,0
917,48.65,0.2634,17,2,1
918,20.53,0.3585,36,6,1
919,195.12,0.9147,4,20,0
920,137.63,0.5404,7,12,0
921,37.51,0.3135,8,23,1
922,246.71,0.3561,5,20,0
923,116.5,0.8355,2,13,0
924,260.74,0.5465,6,16,0
925,81.84,0.715,8,7,0
926,170.01,0.46,0,2,0
927,164.15,0.8826,7,9,0
928,237.16,0.8812,10,14,0
929,64.71,0.9203,6,4,0
930,257.48,0.3799,11,5,0
931,162.86,0.9951,4,0,0
932,176.53,0.5111,0,17,0
933,157.54,0.5511,8,21,0
934,39.01,0.5121,2,19,0
935,154.27,0.5239,0,9,0
936,95.89,0.7092,2,14,0
937,115.67,0.5059,11,23,0
938,2.59,0.3587,14,14,1
939,154.42,0.7761,3,7,0
940,84.09,0.5094,13,8,1
941,48.26,0.8003,4,17,0
942,76.41,0.7363,2,10,0
943,77.72,0.446,11,20,0
944,182.08,0.8805,9,20,0
945,74.45,0.3742,4,0,0
946,250.43,0.5217,4,17,0
947,82.44,0.3871,9,8,0
948,52.78,0.7838,5,12,0
949,248.94,0.5894,4,6,0
950,103.83,0.7738,4,8,0
951,136.36,0.5756,5,7,0
952,269.76,0.6462,6,1,0
953,266.09,0.6477,0,18,0
954,208.73,0.3796,5,3,0
955,47.23,0.6296,5,9,0
956,178.34,0.7667,3,4,0
957,277.27,0.7049,4,3,0
958,266.73,0.3989,5,8,0
959,56.5,0.7842,4,22,0
960,128.99,0.5508,10,22,0
961,108.88,0.3594,6,9,0
962,62.43,0.4511,6,12,0
963,63.87,0.5316,43,23,1
964,50.61,0.3946,30,5,1
965,116.22,0.8013,0,22,0
966,52.59,0.5064,6,2,0
967,154.49,0.8523,2,5,0
968,69.54,0.5362,9,8,0
969,138.02,0.7536,4,0,0
970,65.84,0.8695,3,19,0
971,268.46,0.6006,0,20,0
972,35.73,0.4931,31,9,1
973,74.64,0.5064,38,20,1
974,79.24,0.997,3,18,0
975,49.09,0.9798,10,19,0
976,80.58,0.4937,0,19,0
977,43.69,0.8412,5,13,0
978,64.85,0.5742,1,2,0
979,153.37,0.4542,1,22,0
980,192.95,0.7828,0,14,0
981,51.83,0.6756,2,21,0
982,140.25,0.7005,11,23,0
983,175.31,0.8878,5,4,0
984,88.56,0.5688,11,9,0
985,123.02,0.7836,3,4,0
986,47.96,0.588,9,1,0
987,85.03,0.3778,1,23,0
988,87.93,0.5494,37,22,1
989,277.61,0.9675,0,22,0
990,279.07,0.6641,10,21,0
991,274.91,0.4203,8,15,0
992,135.77,0.7971,8,12,0
993,50.17,0.9762,11,23,0
994,110.89,0.9402,3,13,0
995,89.43,0.7218,8,15,0
996,33.53,0.5946,6,5,0
997,53.81,0.7274,6,17,0
998,42.3,0.4319,14,19,1
999,114.92,0.9098,5,16,0
1000,75.09,0.8822,0,11,0
1001,78.76,0.4514,41,4,1
1002,119.28,0.4273,6,0,0
1003,44.52,0.4896,21,15,1
1004,90.24,0.4517,8,16,0
1005,164.6,0.3896,6,18,0
1006,76.03,0.6741,2,22,0
1007,153.83,0.776,4,11,0
1008,68.12,0.9052,5,19,0
1009,70.39,0.8588,11,17,0
1010,183.06,0.9072,6,6,0
1011,95.95,0.844,7,20,0
1012,73.09,0.8071,8,1,0
1013,262.44,0.3566,4,14,0
1014,40.75,0.757,11,22,0
1015,171.29,0.4283,8,15,0
1016,167.07,0.3881,10,22,0
1017,92.65,0.4517,8,1,0
1018,143.19,0.8851,7,12,0
1019,64.29,0.1182,14,18,1
1020,210.32,0.9667,7,15,0
1021,85.42,0.9863,1,21,0
1022,78.35,0.9306,7,11,0
1023,108.72,0.4364,8,16,0
1024,255.59,0.9209,6,10,0
1025,229.12,0.8951,3,20,0
1026,266.72,0.9162,0,2,0
1027,192.99,0.4486,8,6,0
1028,195.73,0.4259,8,2,0
1029,150.01,0.9505,5,16,0
1030,256.3,0.463,8,5,0
1031,157.72,0.5896,9,7,0
1032,118.77,0.6464,6,20,0
1033,190.09,0.4309,0,8,0
1034,166.53,0.3634,10,3,0
1035,61.0,0.9962,5,0,0
1036,128.18,0.9198,8,5,0
1037,108.33,0.943,10,21,0
1038,241.71,0.535,4,13,0
1039,124.71,0.4931,7,23,0
1040,4.95,0.4739,13,5,1
1041,10.87,0.5323,43,8,1
1042,218.38,0.3536,0,3,0
1043,63.82,0.8565,6,9,0
1044,261.16,0.9978,4,13,0
1045,28.38,0.3555,25,19,1
1046,94.95,0.6024,5,8,0
1047,90.37,0.6053,11,18,0
1048,96.27,0.4125,2,15,0
1049,121.68,0.523,3,7,0
1050,209.38,0.6764,2,21,0
1051,267.4,0.6307,1,10,0
1052,52.72,0.2325,11,3,1
1053,166.79,0.9019,6,23,0
1054,71.02,0.2594,33,21,1
1055,237.05,0.368,8,1,0
1056,242.41,0.3748,9,21,0
1057,103.26,0.4372,8,22,0
1058,268.36,0.7208,4,19,0
1059,128.78,0.8753,10,6,0
1060,230.02,0.9264,2,15,0
1061,271.7,0.7628,8,12,0
1062,205.91,0.612,1,14,0
1063,70.39,0.4504,9,14,0
1064,176.53,0.6109,1,15,0
1065,59.69,0.5661,2,12,0
1066,227.29,0.9155,4,16,0
1067,100.33,0.6664,8,12,0
1068,203.8,0.497,0,0,0
1069,61.12,0.2589,32,0,1
1070,75.25,0.4387,4,22,0
1071,128.21,0.9471,8,21,0
1072,191.78,0.3827,11,14,0
1073,134.91,0.3584,7,4,0
1074,73.7,0.4689,6,18,0
1075,37.27,0.8771,4,3,0
1076,131.65,0.6903,9,9,0
1077,192.3,0.7568,1,7,0
1078,173.5,0.5825,1,0,0
1079,69.06,0.3946,2,19,0
1080,142.67,0.9065,3,12,0
1081,122.37,0.4747,5,7,0
1082,98.55,0.3715,11,12,0
1083,212.32,0.7223,7,0,0
1084,107.41,0.4041,4,10,0
1085,165.04,0.4122,2,12,0
1086,260.81,0.8702,7,8,0
1087,164.82,0.6695,3,19,0
1088,184.26,0.507,11,5,0
1089,48.31,0.5766,5,3,0
1090,74.53,0.824,6,12,0
1091,55.24,0.3931,10,21,0
1092,221.2,0.4257,3,9,0
1093,238.98,0.7506,5,1,0
1094,76.61,0.7445,6,23,0
1095,84.82,0.9821,3,10,0
1096,110.8,0.5935,0,4,0
1097,177.77,0.3923,3,14,0
1098,185.45,0.6994,1,7,0
1099,201.69,0.7649,8,22,0
1100,256.3,0.4407,0,7,0
1101,28.96,0.4795,19,13,1
1102,194.69,0.4785,10,13,0
1103,169.93,0.8991,6,5,0
1104,106.46,0.8929,8,11,0
1105,66.0,0.4838,43,2,1
1106,53.87,0.9784,3,15,0
1107,18.94,0.4499,27,18,1
1108,211.97,0.434,2,22,0
1109,258.83,0.589,7,7,0
1110,159.65,0.7402,8,6,0
1111,110.41,0.4051,10,13,0
1112,236.94,0.5987,11,16,0
1113,222.7,0.5198,0,23,0
1114,155.08,0.9688,3,0,0
1115,221.96,0.6175,6,5,0
1116,76.26,0.2991,17,6,1
1117,14.82,0.1329,32,6,1
1118,246.3,0.4357,10,11,0
1119,109.5,0.911,3,20,0
1120,150.89,0.3503,10,0,0
1121,267.76,0.3864,10,19,0
1122,86.44,0.3252,15,14,1
1123,251.76,0.7965,0,14,0
1124,126.31,0.5721,3,16,0
1125,279.13,0.3931,1,2,0
1126,68.14,0.5566,1,17,0
1127,159.69,0.5092,0,5,0
1128,149.82,0.3535,5,12,0
1129,229.61,0.6976,1,16,0
1130,257.15,0.4258,3,14,0
1131,212.78,0.5369,11,7,0
1132,186.7,0.7668,10,9,0
1133,38.36,0.1409,6,11,1
1134,157.58,0.5212,0,0,0
1135,157.33,0.564,7,17,0
1136,35.09,0.5105,7,2,0
1137,155.76,0.972,1,11,0
1138,243.99,0.4738,10,15,0
1139,29.09,0.2895,44,1,1
1140,228.93,0.6393,11,23,0
1141,127.62,0.473,1,9,0
1142,162.24,0.4519,7,0,0
1143,38.37,0.4123,1,15,0
1144,125.75,0.7661,11,13,0
1145,148.6,0.7479,7,15,0
1146,93.8,0.7726,0,18,0
1147,37.81,0.8526,2,11,0
1148,202.6,0.5621,4,19,0
1149,138.77,0.947,0,8,0
1150,133.92,0.8266,0,13,0
1151,31.76,0.1197,22,3,1
1152,164.46,0.8186,11,14,0
1153,47.47,0.1652,33,6,1
1154,148.5,0.534,10,16,0
1155,175.22,0.6246,7,19,0
1156,82.38,0.0677,44,20,1
1157,42.08,0.5029,18,22,1
1158,10.57,0.4882,16,2,1
1159,142.73,0.3526,9,3,0
1160,81.84,0.9555,4,22,0
1161,29.96,0.1443,44,9,1
1162,100.06,0.7152,3,0,0
1163,245.0,0.5717,8,6,0
1164,129.09,0.7208,10,20,0
1165,44.72,0.4638,8,8,1
1166,92.22,0.774,1,1,0
1167,34.85,0.7416,10,17,0
1168,131.04,0.6491,9,4,0
1169,164.12,0.5747,4,8,0
1170,27.98,0.444,30,0,1
1171,270.5,0.9876,11,14,0
1172,206.71,0.6261,4,10,0
1173,278.92,0.6049,0,20,0
1174,103.77,0.6283,1,8,0
1175,227.26,0.6266,7,4,0
1176,168.89,0.9939,11,3,0
1177,182.94,0.8094,8,4,0
1178,276.46,0.5835,7,10,0
1179,193.5,0.5915,3,2,0
1180,254.7,0.63,5,9,0
1181,211.44,0.3739,0,20,0
1182,9.88,0.0588,30,18,1
1183,36.68,0.3596,41,15,1
1184,151.08,0.7794,10,21,0
1185,259.7,0.479,11,18,0
1186,231.71,0.8232,9,15,0
1187,56.03,0.8176,0,20,0
1188,63.48,0.5207,9,2,0
1189,68.13,0.1603,39,19,1
1190,153.31,0.7471,7,7,0
1191,50.19,0.8959,11,17,0
1192,210.92,0.4384,10,21,0
1193,168.09,0.4766,7,11,0
1194,238.97,0.6659,3,2,0
1195,99.95,0.3787,6,8,0
1196,159.79,0.6201,8,9,0
1197,59.37,0.8623,6,22,0
1198,251.15,0.4467,4,22,0
1199,73.75,0.649,4,13,0
1200,55.59,0.9934,7,22,0
1201,81.26,0.6788,0,10,0
1202,231.56,0.6739,11,9,0
1203,56.45,0.7132,1,20,0
1204,183.61,0.4709,11,16,0
1205,3.6,0.1092,10,12,1
1206,76.05,0.1313,41,10,1
1207,77.52,0.6072,5,16,0
1208,45.41,0.5384,6,18,0
1209,142.2,0.3704,5,11,0
1210,80.62,0.8999,10,0,0
1211,204.82,0.371,0,2,0
1212,119.17,0.8375,11,3,0
1213,142.34,0.5983,8,11,0
1214,58.37,0.7391,9,14,0
1215,171.89,0.511,1,19,0
1216,76.38,0.451,0,5,0
1217,199.75,0.6967,4,18,0
1218,47.79,0.8022,3,15,0
1219,273.97,0.4771,9,1,0
1220,15.43,0.4343,38,8,1
1221,88.02,0.2357,26,7,1
1222,33.52,0.4904,9,21,0
1223,113.62,0.7173,0,22,0
1224,68.2,0.4449,8,19,0
1225,84.6,0.6813,1,12,0
1226,248.19,0.4237,8,11,0
1227,180.8,0.6656,4,7,0
1228,74.11,0.5525,4,18,0
1229,169.16,0.644,3,2,0
1230,35.74,0.4235,11,6,1
1231,274.05,0.9402,10,3,0
1232,38.19,0.6685,9,11,0
1233,213.08,0.882,4,7,0
1234,223.25,0.4967,3,4,0
1235,46.79,0.5789,6,9,0
1236,28.16,0.3459,24,20,1
1237,126.08,0.6235,2,13,0
1238,247.04,0.7847,8,19,0
1239,164.25,0.8948,11,21,0
1240,86.53,0.1186,44,21,1
1241,225.75,0.766,6,8,0
1242,237.03,0.4652,3,21,0
1243,149.07,0.3742,3,21,0
1244,23.52,0.3725,36,23,1
1245,209.5,0.4586,5,8,0
1246,95.84,0.4093,1,5,0
1247,243.62,0.9594,8,14,0
1248,35.2,0.9763,1,22,0
1249,78.94,0.7506,11,21,0
1250,230.05,0.5961,5,13,0
1251,22.51,0.2813,34,3,1
1252,31.52,0.4403,28,10,1
1253,63.74,0.17,23,17,1
1254,162.69,0.5821,11,13,0
1255,74.46,0.2871,36,8,1
1256,47.66,0.9479,10,8,0
1257,37.62,0.7731,11,1,0
1258,146.29,0.422,0,6,0
1259,269.05,0.6634,4,16,0
1260,99.75,0.5095,10,5,0
1261,88.65,0.3303,33,23,1
1262,251.92,0.44,6,1,0
1263,100.78,0.3853,6,14,0
1264,234.24,0.8079,8,11,0
1265,201.47,0.6446,11,19,0
1266,157.96,0.8949,10,21,0
1267,135.73,0.3985,7,13,0
1268,233.88,0.8707,6,15,0
1269,228.27,0.3743,4,16,0
1270,219.23,0.3682,1,12,0
1271,279.56,0.6499,8,4,0
1272,149.63,0.4938,0,10,0
1273,231.73,0.7359,8,5,0
1274,245.62,0.3668,5,11,0
1275,54.48,0.0813,33,14,1
1276,40.52,0.8226,11,5,0
1277,131.19,0.4866,6,5,0
1278,5.13,0.1133,26,19,1
1279,102.28,0.8374,5,9,0
1280,205.0,0.3886,4,4,0
1281,31.84,0.8503,1,17,0
1282,118.84,0.5245,0,17,0
1283,183.88,0.6032,8,19,0
1284,62.44,0.4063,10,18,0
1285,254.15,0.8951,0,23,0
1286,69.07,0.7145,3,13,0
1287,257.45,0.678,7,6,0
1288,84.1,0.9796,8,20,0
1289,278.57,0.5674,8,6,0
1290,181.19,0.929,8,6,0
1291,51.09,0.8178,1,19,0
1292,46.32,0.9535,3,21,0
1293,48.73,0.9401,5,8,0
1294,177.47,0.9942,0,17,0
1295,232.39,0.4356,4,22,0
1296,130.74,0.8674,4,19,0
1297,10.02,0.4146,6,0,1
1298,177.32,0.7688,3,15,0
1299,163.26,0.5313,11,4,0
1300,202.02,0.9773,8,20,0
1301,147.95,0.4829,8,1,0
1302,208.47,0.6747,9,23,0
1303,279.33,0.689,10,4,0
1304,117.57,0.4552,2,10,0
1305,33.05,0.8196,5,5,0
1306,61.41,0.4078,6,19,0
1307,168.38,0.8005,11,9,0
1308,116.06,0.9016,0,17,0
1309,31.49,0.0554,9,1,1
1310,186.86,0.8111,2,10,0
1311,160.09,0.4519,2,21,0
1312,229.51,0.8999,9,22,0
1313,94.65,0.9688,2,5,0
1314,51.85,0.1379,12,9,1
1315,16.28,0.1024,9,9,1
1316,184.92,0.6788,9,13,0
1317,263.69,0.6955,2,12,0
1318,30.99,0.057,42,2,1
1319,243.41,0.6677,5,18,0
1320,129.24,0.7402,6,5,0
1321,236.06,0.5001,9,7,0
1322,167.71,0.596,5,20,0
1323,13.07,0.3059,28,16,1
1324,44.73,0.4214,11,9,0
1325,80.39,0.7384,10,21,0
1326,167.74,0.4698,7,9,0
1327,44.7,0.9003,8,13,0
1328,215.36,0.7264,11,5,0
1329,240.01,0.612,5,4,0
1330,260.09,0.5124,1,11,0
1331,55.44,0.6339,7,13,0
1332,264.93,0.9724,5,19,0
1333,46.91,0.681,9,9,0
1334,148.51,0.6552,9,21,0
1335,240.06,0.8351,5,14,0
1336,47.58,0.5964,4,1,0
1337,34.56,0.6278,5,17,0
1338,36.24,0.569,7,13,0
1339,157.82,0.4481,7,9,0
1340,232.9,0.814,6,11,0
1341,5.79,0.3564,36,7,1
1342,61.15,0.9386,11,14,0
1343,172.14,0.9225,3,13,0
1344,88.57,0.6437,2,10,0
1345,212.55,0.5346,9,6,0
1346,267.41,0.7647,11,9,0
1347,221.51,0.9706,7,11,0
1348,249.29,0.8226,4,11,0
1349,159.9,0.6717,4,7,0
1350,3.02,0.5335,17,13,1
1351,75.73,0.8521,0,5,0
1352,47.09,0.9475,6,12,0
1353,193.99,0.8461,3,2,0
1354,42.99,0.6316,3,11,0
1355,253.12,0.5278,6,18,0
1356,28.64,0.1288,31,19,1
1357,268.05,0.5633,2,16,0
1358,108.47,0.9628,10,17,0
1359,151.54,0.6802,6,1,0
1360,215.42,0.6568,11,8,0
1361,90.69,0.5763,4,15,0
1362,165.46,0.7656,11,19,0
1363,194.87,0.688,7,13,0
1364,46.64,0.2031,17,20,1
1365,216.18,0.915,6,6,0
1366,59.53,0.5834,5,3,0
1367,148.83,0.6312,6,2,0
1368,73.68,0.4504,10,13,1
1369,66.66,0.7097,9,15,0
1370,137.99,0.8063,0,6,0
1371,80.08,0.1353,9,18,1
1372,59.71,0.3835,10,17,0
1373,158.01,0.9827,8,8,0
1374,71.41,0.8075,5,5,0
1375,177.63,0.5348,4,17,0
1376,20.34,0.0827,16,16,1
1377,210.9,0.5425,7,4,0
1378,78.81,0.9192,4,6,0
1379,254.07,0.5394,4,11,0
1380,36.55,0.6508,4,12,0
1381,160.5,0.8087,0,3,0
1382,38.28,0.1462,17,22,1
1383,86.27,0.7781,0,9,0
1384,147.9,0.8395,5,9,0
1385,240.5,0.4627,6,1,0
1386,46.8,0.1759,42,21,1
1387,105.81,0.5292,11,5,0
1388,68.56,0.4334,2,23,0
1389,210.04,0.9846,4,11,0
1390,2.15,0.1961,25,20,1
1391,80.25,0.4388,3,4,0
1392,220.07,0.7569,7,3,0
1393,50.2,0.4013,14,19,1
1394,19.79,0.264,32,19,1
1395,119.83,0.7407,8,13,0
1396,139.77,0.8433,9,0,0
1397,75.09,0.8656,2,22,0
1398,219.13,0.4511,1,9,0
1399,69.25,0.712,2,22,0
1400,224.58,0.8789,6,20,0
1401,229.5,0.4547,11,20,0
1402,59.94,0.3364,26,16,1
1403,34.86,0.3516,0,16,0
1404,98.28,0.691,6,12,0
1405,147.08,0.4765,11,0,0
1406,178.89,0.8208,6,9,0
1407,259.81,0.9754,11,17,0
1408,12.27,0.2362,31,19,1
1409,248.76,0.7719,0,13,0
1410,70.86,0.4877,5,17,0
1411,122.82,0.3617,9,0,0
1412,43.07,0.8431,6,11,0
1413,215.62,0.6321,2,12,0
1414,67.66,0.9654,2,21,0
1415,77.56,0.5236,22,7,1
1416,223.81,0.4524,5,5,0
1417,163.68,0.6424,6,8,0
1418,33.49,0.4819,4,4,0
1419,30.56,0.9207,4,13,0
1420,157.67,0.7991,7,15,0
1421,106.24,0.5718,0,19,0
1422,75.08,0.6931,5,23,0
1423,183.4,0.7852,4,1,0
1424,87.11,0.8589,9,5,0
1425,178.05,0.4021,8,7,0
1426,124.82,0.3646,5,5,0
1427,13.29,0.4674,21,19,1
1428,40.21,0.1294,25,3,1
1429,89.22,0.6534,2,0,0
1430,37.46,0.4387,3,20,0
1431,107.03,0.6172,9,23,0
1432,255.49,0.6371,0,5,0
1433,53.14,0.4105,6,7,1
1434,123.0,0.9458,6,12,0
1435,173.96,0.7394,2,12,0
1436,171.84,0.6025,9,23,0
1437,237.18,0.6795,9,9,0
1438,89.07,0.5542,9,0,0
1439,104.1,0.9053,5,10,0
1440,105.45,0.7238,5,13,0
1441,40.22,0.6717,5,12,0
1442,85.4,0.1869,16,12,1
1443,249.48,0.8947,6,22,0
1444,27.59,0.0753,8,19,1
1445,57.41,0.4966,3,6,0
1446,144.51,0.4495,0,8,0
1447,125.34,0.7986,6,16,0
1448,152.34,0.6546,4,9,0
1449,168.68,0.7944,9,10,0
1450,35.06,0.8444,10,4,0
1451,240.56,0.542,11,6,0
1452,273.42,0.535,4,17,0
1453,193.35,0.669,10,20,0
1454,195.11,0.5278,1,18,0
1455,161.99,0.7837,4,7,0
1456,13.24,0.0607,31,3,1
1457,67.24,0.6568,11,3,0
1458,176.02,0.8205,7,9,0
1459,41.24,0.6818,4,12,0
1460,236.13,0.8134,1,21,0
1461,135.23,0.4962,9,21,0
1462,133.69,0.8302,7,0,0
1463,111.79,0.8148,10,16,0
1464,272.34,0.5233,5,7,0
1465,73.73,0.7114,1,4,0
1466,67.83,0.906,4,13,0
1467,71.38,0.5122,7,0,0
1468,194.63,0.8284,2,8,0
1469,277.97,0.9701,0,13,0
1470,88.87,0.9131,9,6,0
1471,256.4,0.611,6,14,0
1472,99.65,0.7447,4,11,0
1473,2.72,0.0694,31,19,1
1474,40.12,0.7195,8,4,0
1475,153.91,0.4248,0,1,0
1476,193.64,0.3795,5,12,0
1477,164.08,0.8637,3,6,0
1478,89.46,0.6254,1,16,0
1479,237.12,0.5104,0,2,0
1480,272.53,0.576,5,13,0
1481,144.8,0.8423,6,23,0
1482,32.84,0.362,40,2,1
1483,227.6,0.9145,9,7,0
1484,90.37,0.8277,5,20,0
1485,246.11,0.9831,7,12,0
1486,23.44,0.3096,13,4,1
1487,223.96,0.5155,7,5,0
1488,58.02,0.7784,10,18,0
1489,102.1,0.3634,2,20,0
1490,163.4,0.9942,9,8,0
1491,36.3,0.102,37,11,1
1492,242.61,0.7821,6,18,0
1493,279.03,0.9019,0,4,0
1494,56.8,0.4543,6,4,0
1495,97.85,0.9011,10,18,0
1496,119.4,0.358,7,4,0
1497,149.73,0.6373,0,18,0
1498,153.48,0.6568,3,11,0
1499,244.05,0.5932,6,23,0
1500,222.64,0.7312,9,0,0
1501,34.71,0.9446,5,22,0
1502,143.76,0.5625,10,5,0
1503,184.52,0.7265,9,0,0
1504,145.1,0.9204,3,17,0
1505,62.66,0.8524,2,12,0
1506,129.37,0.3765,10,20,0
1507,132.91,0.9628,7,2,0
1508,76.93,0.3803,10,1,0
1509,219.08,0.7327,11,13,0
1510,110.35,0.724,5,21,0
1511,53.62,0.1856,8,9,1
1512,158.93,0.4465,10,19,0
1513,249.36,0.4666,7,21,0
1514,60.5,0.8389,1,20,0
1515,58.57,0.4472,6,12,0
1516,105.08,0.6551,0,16,0
1517,79.73,0.543,25,12,1
1518,104.64,0.7733,4,16,0
1519,220.8,0.4869,5,13,0
1520,91.32,0.5476,6,12,0
1521,51.19,0.9798,10,10,0
1522,133.45,0.6416,4,15,0
1523,223.34,0.3789,8,18,0
1524,242.64,0.4927,11,22,0
1525,213.34,0.5726,8,14,0
1526,169.47,0.9997,3,2,0
1527,211.05,0.5467,8,14,0
1528,200.35,0.3672,3,7,0
1529,73.61,0.4355,40,0,1
1530,167.69,0.4043,7,1,0
1531,222.65,0.5281,3,14,0
1532,57.87,0.0748,10,22,1
1533,193.49,0.808,10,12,0
1534,150.37,0.3829,8,10,0
1535,82.64,0.1028,30,2,1
1536,52.51,0.4616,4,16,0
1537,196.55,0.4299,3,1,0
1538,246.42,0.7316,11,20,0
1539,65.36,0.6787,11,19,0
1540,121.53,0.8329,8,23,0
1541,42.17,0.93,5,6,0
1542,37.41,0.5103,0,3,0
1543,277.41,0.9499,2,7,0
1544,153.37,0.6867,1,19,0
1545,118.88,0.5182,9,5,0
1546,98.72,0.8998,1,21,0
1547,275.0,0.3731,8,3,0
1548,93.06,0.7137,11,1,0
1549,211.43,0.8191,3,5,0
1550,100.94,0.532,8,18,0
1551,82.81,0.1168,35,14,1
1552,200.82,0.5062,5,8,0
1553,30.41,0.8959,5,15,0
1554,198.94,0.4011,2,15,0
1555,92.59,0.454,5,13,0
1556,216.53,0.5976,10,12,0
1557,222.44,0.9051,7,2,0
1558,211.03,0.444,2,6,0
1559,36.12,0.919,6,12,0
1560,205.93,0.4993,8,3,0
1561,277.54,0.6441,0,11,0
1562,90.66,0.5793,9,2,0
1563,98.56,0.4268,2,18,0
1564,233.38,0.9638,3,2,0
1565,70.1,0.6348,4,2,0
1566,195.15,0.7987,6,15,0
1567,22.87,0.278,25,5,1
1568,73.16,0.4167,25,8,1
1569,168.44,0.7508,3,7,0
1570,173.97,0.9339,4,5,0
1571,105.86,0.8046,10,18,0
1572,249.09,0.6961,11,16,0
1573,70.69,0.7694,5,5,0
1574,121.05,0.7442,8,16,0
1575,5.65,0.453,39,17,1
1576,77.66,0.7561,10,12,0
1577,235.34,0.6383,8,13,0
1578,49.77,0.8424,6,22,0
1579,152.31,0.9798,11,10,0
1580,48.83,0.9739,2,9,0
1581,199.48,0.8835,4,12,0
1582,227.65,0.7411,8,20,0
1583,242.46,0.8371,0,17,0
1584,275.32,0.4657,6,1,0
1585,198.0,0.6614,10,11,0
1586,222.27,0.5172,2,17,0
1587,156.44,0.3523,9,5,0
1588,258.18,0.9784,4,23,0
1589,190.94,0.9115,10,19,0
1590,250.89,0.6839,7,20,0
1591,88.86,0.5152,1,1,0
1592,9.68,0.1683,30,13,1
1593,212.45,0.6326,0,12,0
1594,80.68,0.8722,2,15,0
1595,82.83,0.9997,10,20,0
1596,274.51,0.5769,10,8,0
1597,138.65,0.5089,0,12,0
1598,75.45,0.5238,4,16,0
1599,112.87,0.4107,1,18,0
1600,129.34,0.6061,3,18,0
1601,185.77,0.3613,11,8,0
1602,18.38,0.1138,42,23,1
1603,276.65,0.5266,7,0,0
1604,192.92,0.4539,9,11,0
1605,204.98,0.8259,10,14,0
1606,110.46,0.4186,4,1,0
1607,244.29,0.9129,8,10,0
1608,84.45,0.4937,5,14,0
1609,56.6,0.4206,1,14,0
1610,273.31,0.3566,2,2,0
1611,246.03,0.8149,8,6,0
1612,105.91,0.5168,8,5,0
1613,198.79,0.6812,6,15,0
1614,146.75,0.4226,9,7,0
1615,110.78,0.9904,8,13,0
1616,101.69,0.4315,4,17,0
1617,1.91,0.2185,26,19,1
1618,167.33,0.9036,11,4,0
1619,141.65,0.5092,11,21,0
1620,65.48,0.1696,16,3,1
1621,83.84,0.8755,9,0,0
1622,264.65,0.5277,1,1,0
1623,189.65,0.3519,10,4,0
1624,67.14,0.3869,31,20,1
1625,57.32,0.3581,8,4,0
1626,185.71,0.9414,8,16,0
1627,242.37,0.7672,7,10,0
1628,112.73,0.729,3,0,0
1629,78.79,0.481,9,10,0
1630,96.26,0.805,6,0,0
1631,98.23,0.7902,6,11,0
1632,141.8,0.3893,3,13,0
1633,111.49,0.9226,0,12,0
1634,97.82,0.7266,6,6,0
1635,192.13,0.8651,4,18,0
1636,43.26,0.5209,7,14,0
1637,115.09,0.4293,4,6,0
1638,202.44,0.8066,11,10,0
1639,73.96,0.866,8,2,0
1640,85.23,0.6009,5,22,0
1641,80.17,0.3654,8,18,0
1642,14.0,0.0883,12,6,1
1643,148.44,0.484,7,16,0
1644,39.74,0.5704,6,16,0
1645,98.23,0.7584,11,14,0
1646,278.7,0.415,3,1,0
1647,259.6,0.3968,5,21,0
1648,83.77,0.3667,3,22,0
1649,107.5,0.9458,6,23,0
1650,145.93,0.5524,11,23,0
1651,241.1,0.7794,7,22,0
1652,230.66,0.993,2,17,0
1653,61.56,0.7851,11,1,0
1654,60.93,0.3315,39,11,1
1655,134.18,0.6886,5,5,0
1656,247.52,0.595,1,5,0
1657,250.52,0.7399,4,19,0
1658,56.84,0.9732,9,19,0
1659,173.57,0.8622,6,12,0
1660,36.23,0.5471,10,17,1
1661,201.53,0.5661,1,3,0
1662,259.11,0.9243,11,5,0
1663,143.69,0.4383,5,20,0
1664,50.77,0.9022,8,10,0
1665,174.81,0.5158,4,13,0
1666,132.13,0.8152,1,11,0
1667,232.72,0.874,4,4,0
1668,115.09,0.66,8,19,0
1669,83.22,0.2781,40,18,1
1670,98.43,0.8991,7,16,0
1671,69.38,0.5889,5,8,0
1672,106.62,0.5584,4,15,0
1673,38.73,0.6815,3,22,0
1674,48.56,0.4383,42,15,1
1675,195.03,0.794,3,11,0
1676,65.57,0.4392,8,6,0
1677,57.84,0.6332,4,12,0
1678,63.1,0.9296,8,8,0
1679,49.39,0.3734,3,14,0
1680,248.66,0.6473,3,1,0
1681,266.03,0.7793,11,4,0
1682,41.64,0.927,10,18,0
1683,220.02,0.736,4,9,0
1684,214.29,0.8859,3,10,0
1685,13.54,0.4721,25,13,1
1686,116.97,0.5793,0,10,0
1687,101.38,0.9624,5,18,0
1688,143.27,0.9259,7,5,0
1689,244.14,0.7127,8,18,0
1690,212.15,0.6591,1,5,0
1691,147.91,0.6432,0,8,0
1692,91.14,0.3882,3,14,0
1693,211.75,0.93,1,21,0
1694,243.63,0.8818,6,5,0
1695,129.99,0.6466,11,14,0
1696,197.15,0.5316,3,1,0
1697,130.05,0.5729,5,1,0
1698,149.62,0.4301,2,18,0
1699,161.23,0.8192,0,17,0
1700,223.93,0.7118,8,9,0
1701,274.38,0.5022,3,14,0
1702,141.09,0.755,6,9,0
1703,115.58,0.9865,8,6,0
1704,123.4,0.4296,10,10,0
1705,63.47,0.648,2,7,0
1706,104.23,0.6712,6,19,0
1707,68.21,0.3102,13,9,1
1708,136.97,0.6955,5,7,0
1709,71.84,0.7439,0,12,0
1710,116.6,0.4523,3,18,0
1711,228.39,0.4506,9,6,0
1712,91.48,0.9066,9,22,0
1713,182.97,0.5524,3,11,0
1714,255.3,0.7597,2,15,0
1715,171.73,0.7574,3,22,0
1716,78.45,0.8955,2,10,0
1717,116.19,0.8309,8,4,0
1718,177.59,0.8964,10,17,0
1719,156.65,0.7564,0,0,0
1720,67.15,0.6421,8,10,0
1721,65.98,0.0973,13,23,1
1722,165.77,0.5964,7,9,0
1723,96.83,0.622,10,16,0
1724,183.11,0.4341,0,12,0
1725,47.54,0.6256,8,5,0
1726,72.62,0.0761,14,7,1
1727,231.07,0.3725,10,12,0
1728,94.82,0.5288,5,2,0
1729,55.04,0.4001,10,9,1
1730,132.51,0.7257,8,9,0
1731,109.12,0.874,8,20,0
1732,34.53,0.2386,40,2,1
1733,115.82,0.9052,3,20,0
1734,89.17,0.8674,0,9,0
1735,257.33,0.4139,10,15,0
1736,216.49,0.9851,2,13,0
1737,200.45,0.3596,10,7,0
1738,42.38,0.7379,7,22,0
1739,62.8,0.8651,8,5,0
1740,189.58,0.5657,8,0,0
1741,82.36,0.7391,10,18,0
1742,86.41,0.5854,0,14,0
1743,52.28,0.5466,12,21,1
1744,101.48,0.3555,0,10,0
1745,47.9,0.4117,11,0,0
1746,39.11,0.414,3,0,0
1747,140.79,0.7471,10,10,0
1748,184.28,0.6918,1,5,0
1749,247.22,0.6461,5,22,0
1750,57.7,0.7997,6,2,0
1751,79.17,0.3609,11,21,0
1752,162.45,0.5261,1,5,0
1753,121.03,0.8553,0,2,0
1754,150.63,0.9415,7,6,0
1755,261.03,0.6349,0,3,0
1756,166.22,0.403,9,9,0
1757,67.71,0.5297,26,7,1
1758,277.36,0.9254,11,12,0
1759,46.3,0.6189,6,12,0
1760,263.03,0.5082,11,0,0
1761,155.42,0.3786,1,2,0
1762,155.94,0.7342,3,3,0
1763,260.49,0.9414,5,4,0
1764,26.98,0.1241,32,2,1
1765,41.28,0.5177,17,7,1
1766,48.26,0.0841,17,13,1
1767,194.7,0.8908,8,7,0
1768,59.02,0.4273,39,7,1
1769,62.72,0.0559,29,11,1
1770,207.35,0.6047,0,13,0
1771,191.02,0.5765,7,7,0
1772,129.33,0.7289,4,5,0
1773,31.1,0.652,9,9,0
1774,141.65,0.9851,3,0,0
1775,31.51,0.6857,4,11,0
1776,48.75,0.6004,2,22,0
1777,137.65,0.6067,3,9,0
1778,50.48,0.7062,8,2,0
1779,98.92,0.5807,5,16,0
1780,193.87,0.8199,7,3,0
1781,107.15,0.5974,0,4,0
1782,279.41,0.5997,6,3,0
1783,259.08,0.751,5,21,0
1784,176.33,0.3896,10,23,0
1785,271.74,0.776,5,13,0
1786,247.0,0.6782,1,14,0
1787,109.72,0.6445,8,15,0
1788,217.4,0.8175,1,14,0
1789,64.21,0.8429,10,13,0
1790,81.36,0.1442,29,23,1
1791,152.77,0.5936,9,17,0
1792,34.21,0.5626,7,2,0
1793,98.56,0.8143,5,9,0
1794,268.85,0.7282,7,23,0
1795,108.96,0.7607,2,9,0
1796,75.36,0.7111,0,4,0
1797,76.88,0.8523,9,20,0
1798,149.8,0.4735,11,14,0
1799,240.66,0.7112,10,13,0
1800,219.5,0.4528,3,10,0
1801,139.21,0.6147,4,2,0
1802,82.18,0.7816,4,9,0
1803,62.27,0.4014,5,10,1
1804,145.66,0.5967,7,22,0
1805,233.69,0.9252,9,7,0
1806,212.42,0.8523,11,3,0
1807,62.44,0.3554,27,10,1
1808,178.68,0.9675,7,23,0
1809,139.06,0.6258,6,11,0
1810,69.33,0.4714,10,9,1
1811,159.38,0.4592,4,16,0
1812,200.24,0.5358,2,15,0
1813,156.93,0.5698,4,7,0
1814,265.15,0.4188,7,23,0
1815,137.01,0.6762,11,14,0
1816,33.98,0.475,9,1,0
1817,89.09,0.7622,0,9,0
1818,155.15,0.4736,6,22,0
1819,165.14,0.4303,1,9,0
1820,168.1,0.9799,4,13,0
1821,208.64,0.7779,11,14,0
1822,98.66,0.9587,11,16,0
1823,196.23,0.6684,1,20,0
1824,206.01,0.3717,1,3,0
1825,132.82,0.7233,8,12,0
1826,5.13,0.1929,16,12,1
1827,74.73,0.3597,5,3,0
1828,133.5,0.9098,10,16,0
1829,226.7,0.753,11,2,0
1830,257.24,0.834,10,10,0
1831,178.4,0.671,9,7,0
1832,104.84,0.752,11,3,0
1833,200.57,0.5174,8,19,0
1834,215.04,0.9829,10,5,0
1835,113.05,0.6105,6,6,0
1836,1.77,0.4806,38,20,1
1837,16.17,0.3126,40,21,1
1838,32.69,0.7635,11,0,0
1839,60.74,0.9892,3,6,0
1840,69.0,0.9323,5,17,0
1841,53.94,0.5067,43,18,1
1842,136.25,0.9939,7,23,0
1843,98.73,0.8198,8,13,0
1844,137.27,0.5705,4,0,0
1845,128.71,0.7408,10,20,0
1846,105.37,0.4018,9,3,0
1847,64.47,0.4941,11,2,0
1848,193.98,0.6214,6,16,0
1849,64.15,0.4812,0,14,0
1850,223.86,0.9698,10,1,0
1851,80.42,0.9971,0,4,0
1852,212.84,0.5911,2,14,0
1853,231.4,0.811,3,6,0
1854,61.33,0.6151,2,16,0
1855,51.69,0.4407,8,9,0
1856,267.39,0.569,5,14,0
1857,145.76,0.5017,2,11,0
1858,187.56,0.5633,0,8,0
1859,35.82,0.4898,2,8,0
1860,99.68,0.423,8,16,0
1861,156.35,0.4913,9,12,0
1862,251.55,0.9387,3,14,0
1863,97.86,0.4054,0,13,0
1864,223.8,0.5611,6,4,0
1865,195.55,0.6935,9,21,0
1866,58.82,0.5804,0,13,0
1867,103.34,0.6864,9,17,0
1868,89.47,0.3782,2,21,0
1869,140.63,0.7716,3,22,0
1870,188.83,0.7163,7,16,0
1871,138.35,0.7926,0,18,0
1872,91.13,0.7187,3,11,0
1873,203.97,0.6346,1,17,0
1874,176.12,0.5776,2,7,0
1875,159.83,0.4972,9,17,0
1876,168.6,0.675,2,2,0
1877,85.48,0.3669,0,21,0
1878,200.11,0.5634,2,5,0
1879,126.88,0.7906,1,15,0
1880,120.87,0.4207,7,0,0
1881,67.43,0.3909,11,3,0
1882,179.21,0.7739,2,23,0
1883,180.67,0.6086,8,20,0
1884,115.08,0.8712,4,5,0
1885,244.96,0.9593,0,3,0
1886,241.36,0.9721,8,19,0
1887,67.6,0.5388,8,23,1
1888,203.76,0.5218,6,4,0
1889,128.46,0.7456,6,15,0
1890,279.93,0.7583,7,6,0
1891,86.26,0.7545,1,17,0
1892,100.13,0.5592,3,10,0
1893,140.53,0.3914,8,3,0
1894,80.89,0.4491,15,7,1
1895,203.0,0.4504,0,12,0
1896,150.23,0.4305,4,19,0
1897,85.22,0.9521,10,0,0
1898,156.59,0.359,3,22,0
1899,62.67,0.2416,22,15,1
1900,82.97,0.5259,38,21,1
1901,154.71,0.584,11,22,0
1902,18.99,0.2616,20,3,1
1903,74.97,0.8023,8,2,0
1904,249.6,0.5562,7,18,0
1905,207.54,0.6605,3,4,0
1906,173.04,0.8811,10,3,0
1907,249.86,0.8345,0,11,0
1908,71.1,0.4564,26,21,1
1909,200.62,0.9918,7,19,0
1910,84.18,0.5907,10,12,0
1911,10.58,0.4968,37,4,1
1912,146.4,0.7418,8,8,0
1913,126.85,0.7833,4,16,0
1914,265.29,0.8309,4,3,0
1915,110.99,0.8373,5,12,0
1916,233.73,0.9257,3,0,0
1917,217.21,0.5771,5,7,0
1918,196.98,0.7748,1,5,0
1919,260.1,0.5322,3,16,0
1920,131.98,0.7365,11,21,0
1921,127.42,0.8383,8,3,0
1922,70.24,0.8642,1,19,0
1923,98.94,0.6231,3,15,0
1924,249.94,0.6807,3,23,0
1925,148.6,0.567,3,21,0
1926,87.48,0.2245,36,2,1
1927,84.03,0.5193,10,17,0
1928,151.24,0.9429,8,14,0
1929,71.68,0.4081,40,2,1
1930,101.67,0.9836,1,6,0
1931,219.43,0.507,1,22,0
1932,187.45,0.82,9,13,0
1933,226.89,0.723,8,8,0
1934,92.73,0.803,6,7,0
1935,187.76,0.7686,6,20,0
1936,26.93,0.3716,13,6,1
1937,120.95,0.9386,9,3,0
1938,211.09,0.7163,1,13,0
1939,187.92,0.3941,4,23,0
1940,63.84,0.4116,19,4,1
1941,244.59,0.8103,4,6,0
1942,43.34,0.6711,7,11,0
1943,178.8,0.7066,2,4,0
1944,275.96,0.7378,1,15,0
1945,162.88,0.5987,5,6,0
1946,230.17,0.853,6,3,0
1947,178.8,0.8203,8,6,0
1948,225.77,0.8143,0,22,0
1949,57.23,0.3117,37,22,1
1950,202.78,0.9287,9,12,0
1951,86.95,0.737,8,9,0
1952,89.5,0.2716,7,19,1
1953,89.48,0.4275,9,4,0
1954,275.16,0.7608,10,15,0
1955,86.95,0.816,6,16,0
1956,89.17,0.6602,11,17,0
1957,244.67,0.5373,4,5,0
1958,12.96,0.1141,10,17,1
1959,120.23,0.5871,4,14,0
1960,208.66,0.9409,5,21,0
1961,69.69,0.5819,8,4,0
1962,69.77,0.4642,4,14,0
1963,151.59,0.7247,1,19,0
1964,90.92,0.6074,10,6,0
1965,88.91,0.4123,5,17,0
1966,1.9,0.1046,34,2,1
1967,122.61,0.6996,4,17,0
1968,109.56,0.4626,11,14,0
1969,37.79,0.7385,7,4,0
1970,185.31,0.7188,9,1,0
1971,186.66,0.8528,9,17,0
1972,47.7,0.585,2,5,0
1973,109.26,0.5117,9,11,0
1974,248.2,0.9683,11,1,0
1975,175.54,0.7148,7,23,0
1976,132.99,0.3676,11,13,0
1977,146.28,0.8835,10,22,0
1978,82.07,0.4779,7,3,0
1979,232.97,0.8609,5,4,0
1980,258.5,0.8084,10,14,0
1981,257.67,0.9797,2,14,0
1982,85.98,0.9776,6,18,0
1983,107.69,0.5284,9,22,0
1984,70.16,0.8482,11,19,0
1985,106.8,0.556,3,3,0
1986,113.2,0.759,1,7,0
1987,188.28,0.7385,4,21,0
1988,77.41,0.3855,10,13,0
1989,259.85,0.3534,6,20,0
1990,55.77,0.3875,0,13,0
1991,26.96,0.5106,21,1,1
1992,243.74,0.5175,4,11,0
1993,205.94,0.9395,4,19,0
1994,13.46,0.2311,40,15,1
1995,178.87,0.868,5,3,0
1996,85.89,0.8949,5,5,0
1997,72.1,0.8277,2,20,0
1998,147.79,0.6044,2,23,0
1999,118.3,0.9115,7,18,0
2000,183.81,0.8323,11,2,0
